classifier,accuracy,cv_mean,cv_std
KNN (k=5),0.2727272727272727,0.18333333333333332,0.11600340565456167
