classifier,accuracy,cv_mean,cv_std
Decision Tree,0.22679580306698952,0.21723776615804868,0.013402639514471222
