classifier,accuracy,cv_mean,cv_std
Gaussian Naive Bayes,0.2727272727272727,0.23055555555555554,0.11967032904743341
