analysis,eeg_type,model,spectrum_mass,nn_accuracy,recall_at_5,procrustes_mse,cka
image,cbramod,resnet,"0.7243,1.1555,1.5686,1.9612,2.3459",0.003143893591293833,0.01753325272067715,0.00031939118360993095,0.006585415457175354
image,labram,resnet,"0.3374,0.7329,1.0119,1.2714,1.5244",0.0024183796856106408,0.01293833131801693,0.01715769928809057,0.0061138013568131045
image,ensemble,resnet,"0.7582,1.2554,1.7319,2.1764,2.6103",0.0024183796856106408,0.01523579201934704,0.00016421054113714378,0.0034538075381437966
