analysis,eeg_type,model,rsa_rho,rsa_p,cca_corrs
text,cbramod,bert,0.014123826761066199,2.9310724908367895e-22,"[0.9437094585773091, 0.9186545123278476, 0.9120929854005213, 0.9063363186722924, 0.8986252748412872]"
text,cbramod,roberta,0.028378035567540462,1.1352764609880605e-84,"[0.9437085995991141, 0.9186445270344319, 0.9121368106497407, 0.90629112317579, 0.8987367572152261]"
text,labram,bert,0.03435608170799867,3.192932554097653e-123,"[0.8738369297240651, 0.7346893315547721, 0.6704926990689114, 0.6637754812537997, 0.6428610348186252]"
text,labram,roberta,0.039911612727966214,1.261043982577315e-165,"[0.8738369775209716, 0.7346892924275802, 0.6704929526826678, 0.6637749834845242, 0.6428610930369764]"
text,ensemble,bert,0.029121546866989846,4.564919082039808e-89,"[0.9906019560846747, 0.9838825030820639, 0.9812252338757377, 0.981425216720858, 0.9771539800397215]"
text,ensemble,roberta,0.044784731797915193,4.791726906655343e-208,"[0.9906027460791295, 0.9837897247371804, 0.9820117108751851, 0.9812441896043581, 0.9766331305701499]"
