analysis,eeg_type,model,spectrum_mass,nn_accuracy,recall_at_5,procrustes_mse,cka
image,cbramod,resnet,"0.8475,1.5193,2.1170,2.6649,3.1316",0.003143893591293833,0.017291414752116083,0.001677628326754647,0.040153443572186566
image,labram,resnet,"0.6483,1.2949,1.7627,2.1054,2.4290",0.0016324062877871824,0.011003627569528416,0.04458330310362447,0.02993527279177013
image,ensemble,resnet,"0.8575,1.5604,2.1972,2.7835,3.3031",0.004776299879081016,0.020556227327690448,0.0017957056961183649,0.04596730408248505
