analysis,eeg_type,model,spectrum_mass,nn_accuracy,recall_at_5,procrustes_mse,cka
text,cbramod,bert-base-uncased,"0.6961,1.1671,1.5907,1.9929,2.3678",0.007036859811983304,0.014587268751978444,4.76266879599609e-11,0.01341803648887134
text,cbramod,roberta-base,"0.6957,1.1240,1.5346,1.9128,2.2744",0.008752125678192566,0.017333019236007333,1.233637176919826e-10,0.0185608408023299
text,labram,bert-base-uncased,"0.5910,0.9939,1.2755,1.5257,1.7598",0.004805247388452507,0.012699887366662005,0.051594027876539494,0.015790553305728854
text,labram,roberta-base,"0.6462,1.0484,1.3261,1.5724,1.8050",0.005148742261059048,0.01184210720043581,0.03960887939298988,0.02092087604478463
text,ensemble,bert-base-uncased,"0.7479,1.2820,1.7927,2.2808,2.7339",0.010297631755239659,0.019736011013037496,5.655963112312095e-11,0.016697685439341015
text,ensemble,roberta-base,"0.7475,1.2793,1.7815,2.2376,2.6786",0.012013928253299864,0.021280780924476772,1.4706429604963674e-10,0.02220307375658836
