analysis,eeg_type,model,rsa_rho,rsa_p,cca_corrs
text,cbramod,bert,0.05134579122668086,0.05214666357022913,"[0.9999999999999998, 0.9999999999999996, 0.9999999999999996, 0.9999999999999997, 0.9999999999999997]"
text,cbramod,roberta,0.10205546476759715,0.00011002945925452308,"[0.9999999999999998, 1.0, 0.9999999999999996, 1.0, 0.9999999999999998]"
text,labram,bert,0.09324161251535554,0.0004127256473575003,"[0.9999999999999979, 0.9999999999999997, 0.9999999999999988, 0.9999999999999987, 0.9999999999999989]"
text,labram,roberta,0.09721090955938641,0.0002306312814501534,"[0.999999999999998, 0.999999999999999, 0.9999999999999976, 0.9999999999999996, 0.9999999999999981]"
text,ensemble,bert,0.08286047426450083,0.0017059923571228369,"[1.0, 0.9999999999999997, 1.0, 0.9999999999999998, 1.0]"
text,ensemble,roberta,0.12017678630938883,5.147794767393174e-06,"[1.0, 0.9999999999999997, 1.0, 1.0, 0.9999999999999999]"
