analysis,eeg_type,model,rsa_rho,rsa_p,cca_corrs
image,cbramod,vit,0.003474964612094023,8.621235827958828e-92,"[0.7992444459917465, 0.607246481356149, 0.5920727245925863, 0.5631257538838744, 0.554151597044366]"
image,cbramod,clip,0.008076065623032017,0.0,"[0.7719963411633631, 0.5681095786618099, 0.5498590099417465, 0.515933172230475, 0.5090423450175166]"
image,labram,vit,0.0017262968987796239,5.8494005006042874e-24,"[0.6522249150347843, 0.5230572989703419, 0.5012283497518528, 0.45059344354777603, 0.44777544666823615]"
image,labram,clip,0.0043411737414729215,3.713589451473793e-142,"[0.6107091364618504, 0.48526705656421487, 0.45513172491074483, 0.40443755613826127, 0.3908153529808707]"
image,ensemble,vit,1.3145588260973803e-05,0.9387287402247805,"[0.7997890160087974, 0.6531331114535426, 0.6308207984258873, 0.6064580039497914, 0.5997802964743567]"
image,ensemble,clip,0.00035867659760434485,0.035964149344715535,"[0.7001613218221094, 0.5721615299688954, 0.5666087533185531, 0.5459252833186732, 0.5431248908075432]"
