classifier,accuracy,cv_mean,cv_std
KNN (k=5),0.23890234059725585,0.24207687368131364,0.014524964212618808
