classifier,accuracy,cv_mean,cv_std
KNN (k=5),0.42563482466747277,0.4299425382376432,0.006011115975595748
