classifier,accuracy,cv_mean,cv_std
KNN (k=5),0.44709794437726724,0.4457368272414956,0.005874913098651922
