classifier,accuracy,cv_mean,cv_std
KNN (k=5),0.4365175332527207,0.4452840263839238,0.0023830345465062253
