classifier,accuracy,cv_mean,cv_std
KNN (k=5),0.42623941958887546,0.43719777463098747,0.0031798615249065874
