classifier,accuracy,cv_mean,cv_std
Decision Tree,0.3180169286577993,0.3270104263843807,0.0027060085292385547
