classifier,accuracy,cv_mean,cv_std
Decision Tree,0.2932285368802902,0.30751146279777075,0.008899162310768398
