classifier,accuracy,cv_mean,cv_std
KNN (k=5),0.2727272727272727,0.2583333333333333,0.1525503357527331
