epoch,tr_loss,va_loss,va_acc,va_1nn,va_r5
1,5.546154674451613,2.292705820434183,0.5350665054413543,0.3103385731559855,0.6331318016928658
2,5.480302532154531,2.355307620093497,0.5350665054413543,0.3134220072551391,0.6352478839177751
3,5.478688924990081,2.425389913780369,0.5350665054413543,0.31577992744860944,0.6377871825876663
4,5.477821385892155,2.3421199719591614,0.5350665054413543,0.31680773881499397,0.6378476420798065
5,5.477229111658763,2.3056913076606023,0.5350665054413543,0.3134220072551391,0.6417775090689238
6,5.476837047498488,2.3499736724770486,0.5350665054413543,0.31662636033857317,0.6400846432889964
7,5.476608201826066,2.3858072489608158,0.5350665054413543,0.31233373639661427,0.6380894800483676
8,5.476401832146974,2.361311868024132,0.5350665054413543,0.3090689238210399,0.6396614268440145
