analysis,eeg_type,model,rsa_rho,rsa_p,cca_corrs
text,cbramod,bert,0.08444035641616802,8.346536795564161e-94,"[0.9999999999999433, 0.9999999999999656, 0.9999999999999317, 0.9999999999999806, 0.9999999999999432]"
text,cbramod,roberta,0.0864910364765494,2.4418551577464765e-98,"[0.9999999999999446, 0.9999999999999682, 0.9999999999999356, 0.9999999999999796, 0.9999999999999725]"
text,labram,bert,0.09054804876224243,1.2420437109524564e-107,"[0.9999999844504822, 0.9999999542376184, 0.9999887704443385, 0.9999994562716347, 0.9999999166711667]"
text,labram,roberta,0.09228537605170255,9.605306361552429e-112,"[0.9999998721569651, 0.9999993995558376, 0.9999981716702173, 0.9999990412929746, 0.9999999125818859]"
text,ensemble,bert,0.09703232550681544,2.2090151932126044e-123,"[0.9999999999999836, 0.9999999999999896, 0.9999999999999892, 0.9999999999999922, 0.999999999999991]"
text,ensemble,roberta,0.10087667779157426,3.0508002992285617e-133,"[0.9999999999999909, 0.9999999999999926, 0.9999999999999846, 0.9999999999999881, 0.9999999999999887]"
