classifier,accuracy,cv_mean,cv_std
KNN (k=5),0.24858757062146894,0.2604444036734652,0.011911508013579028
