epoch,tr_loss,va_loss,va_acc,va_1nn,va_r5
1,17.02407646586654,3.4052278606894517,0.00592503022974607,0.3097944377267231,0.6334340991535671
