classifier,accuracy,cv_mean,cv_std
Logistic Regression,0.09090909090909091,0.09166666666666666,0.0840708108356753
